,dataset,k1,k2,distance,alphas,losses_train,accuracy_lst_train,losses_test,accuracy_lst_test
0,MNIST,0,1,2.0229122638702393,"[0.0, 0.0416666679084301, 0.0833333358168602, 0.125, 0.1666666716337204, 0.2083333432674408, 0.25, 0.2916666865348816, 0.3333333432674408, 0.375, 0.4166666865348816, 0.4583333432674408, 0.5, 0.5416666269302368, 0.5833333134651184, 0.625, 0.6666666269302368, 0.7083333134651184, 0.75, 0.7916666865348816, 0.8333333134651184, 0.875, 0.9166666865348816, 0.9583333134651184, 1.0]","[0.4168031048774719, 0.4167096471786499, 0.4173871493339539, 0.4187392175197601, 0.42069089591503145, 0.4231578654050827, 0.42599800407886507, 0.42898575246334075, 0.4319789755344391, 0.43494975864887236, 0.43782291293144227, 0.44038060247898103, 0.4423596823215485, 0.4435229939222336, 0.44371051907539366, 0.4428513789176941, 0.44121689081192017, 0.439141788482666, 0.43679369390010836, 0.4344844603538513, 0.43249403953552246, 0.4309348714351654, 0.4298980212211609, 0.42946729838848113, 0.4297015064954758]","[0.8778515625, 0.87865234375, 0.87806640625, 0.8776171875, 0.87669921875, 0.87576171875, 0.87498046875, 0.87369140625, 0.87279296875, 0.8714453125, 0.86982421875, 0.8687890625, 0.86771484375, 0.86724609375, 0.86703125, 0.867265625, 0.868125, 0.869140625, 0.87017578125, 0.8711328125, 0.87208984375, 0.87263671875, 0.8730859375, 0.8733203125, 0.87287109375]","[0.39065555362701415, 0.39075543146133423, 0.39152869477272034, 0.39289582424163816, 0.39481035385131835, 0.39719091300964354, 0.3998947524547577, 0.40282250080108645, 0.40580259351730347, 0.4087713215351105, 0.4116121755123138, 0.414079398393631, 0.416018100643158, 0.4171936897277832, 0.41743462982177737, 0.416709183883667, 0.41510296273231506, 0.41288378329277037, 0.41029426827430726, 0.40778188705444335, 0.4056478552341461, 0.40395479869842527, 0.402804030752182, 0.4022684070110321, 0.40239836325645445]","[0.8874, 0.8879, 0.8893, 0.8883, 0.889, 0.8896, 0.8897, 0.8883, 0.8874, 0.8872, 0.8855, 0.8846, 0.8832, 0.8822, 0.8819, 0.8828, 0.8831, 0.8838, 0.8849, 0.8857, 0.8861, 0.8862, 0.8866, 0.8861, 0.8855]"
1,MNIST,0,2,2.4384655952453613,"[0.0, 0.0416666679084301, 0.0833333358168602, 0.125, 0.1666666716337204, 0.2083333432674408, 0.25, 0.2916666865348816, 0.3333333432674408, 0.375, 0.4166666865348816, 0.4583333432674408, 0.5, 0.5416666269302368, 0.5833333134651184, 0.625, 0.6666666269302368, 0.7083333134651184, 0.75, 0.7916666865348816, 0.8333333134651184, 0.875, 0.9166666865348816, 0.9583333134651184, 1.0]","[0.2733333232998848, 0.2726507267355919, 0.2726857295632362, 0.27334766000509264, 0.2745589646697044, 0.27623056262731555, 0.27822359949350356, 0.28039578467607496, 0.282592748105526, 0.28467037141323087, 0.28645106852054597, 0.28778321415185926, 0.2886470013856888, 0.2889993730187416, 0.28875431925058365, 0.28786136239767074, 0.2864798268675804, 0.2849089378118515, 0.2833801728487015, 0.28207041770219804, 0.2810790354013443, 0.28043863773345945, 0.28023035734891893, 0.28048484176397326, 0.28124794334173203]","[0.91873046875, 0.91896484375, 0.91880859375, 0.9187890625, 0.9183203125, 0.91787109375, 0.91712890625, 0.91650390625, 0.9158984375, 0.91541015625, 0.91482421875, 0.91421875, 0.9140625, 0.91400390625, 0.9140625, 0.91443359375, 0.9145703125, 0.9152734375, 0.91587890625, 0.91654296875, 0.9171484375, 0.91734375, 0.9174609375, 0.917421875, 0.91759765625]","[0.2505556808948517, 0.25020971937179565, 0.2505333790063858, 0.2514293620824814, 0.2528318614244461, 0.25465751399993897, 0.2567652331829071, 0.25906909036636355, 0.2613383964538574, 0.2634323754310608, 0.26513776726722715, 0.26633189630508425, 0.26702987976074216, 0.267291481924057, 0.2670534538269043, 0.26625631384849546, 0.2649994084835052, 0.2634835509777069, 0.2619460380077362, 0.260586901140213, 0.25948687489032746, 0.25876621344089507, 0.25843391013145445, 0.25856129953861234, 0.2591950692653656]","[0.925, 0.9244, 0.9251, 0.9261, 0.9265, 0.9258, 0.9259, 0.9255, 0.9252, 0.9249, 0.9244, 0.9235, 0.9231, 0.9218, 0.9218, 0.922, 0.923, 0.9235, 0.9247, 0.9251, 0.9256, 0.9257, 0.9264, 0.9264, 0.9256]"
2,MNIST,0,3,2.9103105068206787,"[0.0, 0.0416666679084301, 0.0833333358168602, 0.125, 0.1666666716337204, 0.2083333432674408, 0.25, 0.2916666865348816, 0.3333333432674408, 0.375, 0.4166666865348816, 0.4583333432674408, 0.5, 0.5416666269302368, 0.5833333134651184, 0.625, 0.6666666269302368, 0.7083333134651184, 0.75, 0.7916666865348816, 0.8333333134651184, 0.875, 0.9166666865348816, 0.9583333134651184, 1.0]","[0.1950891360640526, 0.19456404954195022, 0.19458315193653106, 0.1950770628452301, 0.1959692880511284, 0.19718868106603624, 0.19861918985843657, 0.20014705657958984, 0.20163658499717713, 0.20298144966363907, 0.20411525756120683, 0.20499513775110245, 0.20561956793069838, 0.20595893651247024, 0.20595235913991927, 0.20561101347208022, 0.20494592934846878, 0.20406349509954452, 0.20309131801128388, 0.2021961811184883, 0.20144266694784163, 0.2008805164694786, 0.20053607374429702, 0.20040808886289596, 0.2005145373940468]","[0.9422265625, 0.94298828125, 0.943203125, 0.94326171875, 0.943125, 0.94265625, 0.9421875, 0.94173828125, 0.9412890625, 0.94099609375, 0.94052734375, 0.9401953125, 0.94009765625, 0.93994140625, 0.9398046875, 0.93990234375, 0.94, 0.94017578125, 0.94025390625, 0.94046875, 0.94044921875, 0.94056640625, 0.9409375, 0.94109375, 0.94078125]","[0.18130861794948577, 0.1808105054616928, 0.1808510992527008, 0.18134738445281984, 0.18223832352161407, 0.18343991150856018, 0.1848096920967102, 0.18626472284793855, 0.1876604588508606, 0.1888394505739212, 0.18977131996154786, 0.1903716044664383, 0.19073267352581025, 0.19087880194187165, 0.19076785154342651, 0.19033948225975036, 0.1895209730386734, 0.1884537844181061, 0.18728152577877044, 0.18617330877780913, 0.18523288323879242, 0.18448845691680907, 0.18398212237358094, 0.1836938235282898, 0.18365342981815339]","[0.9457, 0.9462, 0.9471, 0.9474, 0.9475, 0.9475, 0.9472, 0.947, 0.9469, 0.9463, 0.9459, 0.9452, 0.9451, 0.9448, 0.9446, 0.9449, 0.9451, 0.9456, 0.9462, 0.9458, 0.9458, 0.946, 0.9459, 0.9453, 0.9452]"
3,MNIST,0,4,3.322174310684204,"[0.0, 0.0416666679084301, 0.0833333358168602, 0.125, 0.1666666716337204, 0.2083333432674408, 0.25, 0.2916666865348816, 0.3333333432674408, 0.375, 0.4166666865348816, 0.4583333432674408, 0.5, 0.5416666269302368, 0.5833333134651184, 0.625, 0.6666666269302368, 0.7083333134651184, 0.75, 0.7916666865348816, 0.8333333134651184, 0.875, 0.9166666865348816, 0.9583333134651184, 1.0]","[0.14871598437428474, 0.14890550523996354, 0.14945880934596062, 0.1502990737557411, 0.1513601139187813, 0.15258200377225875, 0.1538943175971508, 0.15518325433135033, 0.15633787363767623, 0.15728040188550949, 0.15793424040079118, 0.15823580712080001, 0.15819388672709464, 0.1578353488445282, 0.157198918312788, 0.1563289600610733, 0.15533558756113053, 0.15428082555532455, 0.15329099491238593, 0.152480159252882, 0.15191209748387335, 0.15163138672709464, 0.15165269032120704, 0.1519859804213047, 0.15263992190361023]","[0.955390625, 0.95537109375, 0.95515625, 0.95494140625, 0.95478515625, 0.954453125, 0.9540625, 0.95392578125, 0.95375, 0.95369140625, 0.95361328125, 0.95365234375, 0.95349609375, 0.9534375, 0.95353515625, 0.953671875, 0.95421875, 0.954375, 0.9548828125, 0.955, 0.95498046875, 0.95501953125, 0.95498046875, 0.95478515625, 0.954375]","[0.13501816337108613, 0.13533905704021454, 0.13597643435001372, 0.13683937129974366, 0.1378787219762802, 0.13904128530025484, 0.14024252285957337, 0.1414148122549057, 0.14243524842262267, 0.14321354892253876, 0.14361904957294463, 0.1436616903066635, 0.14338035106658936, 0.14293667395114898, 0.14223657667636871, 0.14122886157035827, 0.14005686774253845, 0.13880235176086425, 0.137610475897789, 0.1366017301797867, 0.1358694752931595, 0.13545125601291658, 0.13531444370746612, 0.1354847568511963, 0.13599910287857056]","[0.9609, 0.9608, 0.9601, 0.9599, 0.9594, 0.9591, 0.9592, 0.9589, 0.9588, 0.9584, 0.9581, 0.9578, 0.9577, 0.958, 0.9579, 0.9583, 0.9585, 0.9591, 0.96, 0.9596, 0.9594, 0.9596, 0.96, 0.9599, 0.9594]"
4,MNIST,0,5,3.6549630165100098,"[0.0, 0.0416666679084301, 0.0833333358168602, 0.125, 0.1666666716337204, 0.2083333432674408, 0.25, 0.2916666865348816, 0.3333333432674408, 0.375, 0.4166666865348816, 0.4583333432674408, 0.5, 0.5416666269302368, 0.5833333134651184, 0.625, 0.6666666269302368, 0.7083333134651184, 0.75, 0.7916666865348816, 0.8333333134651184, 0.875, 0.9166666865348816, 0.9583333134651184, 1.0]","[0.12979761332273484, 0.1278662244975567, 0.1265694785118103, 0.1258097042143345, 0.1254905104637146, 0.12552083700895308, 0.12581879317760467, 0.1262936535477638, 0.12685436397790908, 0.12740109175443648, 0.12779676914215088, 0.1279442435503006, 0.12783777132630347, 0.12748661622405053, 0.12690238729119302, 0.12612325996160506, 0.1252170366048813, 0.12427572414278984, 0.12337850004434586, 0.12262451410293579, 0.12207189932465554, 0.12176469013094902, 0.12171475008130074, 0.12193430721759796, 0.12242789715528488]","[0.96005859375, 0.96078125, 0.9615625, 0.962265625, 0.96220703125, 0.96232421875, 0.9625, 0.96259765625, 0.96271484375, 0.96265625, 0.96259765625, 0.9626171875, 0.96275390625, 0.962734375, 0.96294921875, 0.96294921875, 0.9633984375, 0.9636328125, 0.96388671875, 0.96408203125, 0.96400390625, 0.9641796875, 0.96390625, 0.96392578125, 0.9637890625]","[0.11822237164974213, 0.1164291942358017, 0.1152508348941803, 0.11461507382392884, 0.11438665788173676, 0.1144766027212143, 0.11482704597711563, 0.11534320427179337, 0.11595819730758666, 0.1165239893078804, 0.116893874335289, 0.11701902384757995, 0.11689848117828369, 0.1165752309679985, 0.11600760408639908, 0.11522785204648972, 0.11427860783338546, 0.11324865239858627, 0.1122789840221405, 0.1114403226852417, 0.11077571400403977, 0.11033760627508163, 0.11012478505373001, 0.11015051935911178, 0.11043822224140168]","[0.963, 0.9637, 0.9645, 0.9655, 0.9658, 0.966, 0.9661, 0.9664, 0.9658, 0.9659, 0.9656, 0.9653, 0.9654, 0.9655, 0.9653, 0.9651, 0.9647, 0.9654, 0.9659, 0.9658, 0.9658, 0.9658, 0.9658, 0.9655, 0.9652]"
5,MNIST,0,6,3.94724440574646,"[0.0, 0.0416666679084301, 0.0833333358168602, 0.125, 0.1666666716337204, 0.2083333432674408, 0.25, 0.2916666865348816, 0.3333333432674408, 0.375, 0.4166666865348816, 0.4583333432674408, 0.5, 0.5416666269302368, 0.5833333134651184, 0.625, 0.6666666269302368, 0.7083333134651184, 0.75, 0.7916666865348816, 0.8333333134651184, 0.875, 0.9166666865348816, 0.9583333134651184, 1.0]","[0.09930634170770646, 0.09896740354597569, 0.09892052479088306, 0.09912289574742317, 0.09952530182898045, 0.10008464463055133, 0.10074231043457985, 0.10142877638339996, 0.10205693230032921, 0.10259562596678734, 0.10300577521324157, 0.10323976546525955, 0.10331947177648544, 0.10323881611227989, 0.10302394330501556, 0.10266351759433746, 0.10217216819524765, 0.10156361699104309, 0.10092563182115555, 0.10035313650965691, 0.09990580141544342, 0.09963106527924538, 0.09956092774868011, 0.09972172066569328, 0.10014876291155815]","[0.97025390625, 0.9704296875, 0.97033203125, 0.9705078125, 0.97052734375, 0.9703125, 0.97009765625, 0.9698828125, 0.96990234375, 0.96978515625, 0.96978515625, 0.9700390625, 0.96984375, 0.97005859375, 0.9701171875, 0.96998046875, 0.970078125, 0.97001953125, 0.96986328125, 0.969765625, 0.97, 0.97009765625, 0.96984375, 0.9696484375, 0.9695703125]","[0.08808370289802551, 0.08783024159669876, 0.0878625372171402, 0.08811775941848755, 0.08855860838890076, 0.08912598317861557, 0.08977931473255157, 0.09041037393808365, 0.0909571521282196, 0.0913964227437973, 0.09166377055644989, 0.09179082325696945, 0.09179314193725586, 0.09162531433105468, 0.09132536879777908, 0.09089788831472397, 0.09029813706874848, 0.08956072244644166, 0.08876771795749665, 0.08797698421478271, 0.0873067281961441, 0.08679733667373657, 0.08644479916095733, 0.0863003827214241, 0.08637301514148713]","[0.9722, 0.9729, 0.9724, 0.9721, 0.9721, 0.9718, 0.9718, 0.9714, 0.971, 0.971, 0.9709, 0.9708, 0.9708, 0.9705, 0.9704, 0.9706, 0.971, 0.9714, 0.9717, 0.9717, 0.9715, 0.9718, 0.9722, 0.9725, 0.9724]"
6,MNIST,0,7,4.189408779144287,"[0.0, 0.0416666679084301, 0.0833333358168602, 0.125, 0.1666666716337204, 0.2083333432674408, 0.25, 0.2916666865348816, 0.3333333432674408, 0.375, 0.4166666865348816, 0.4583333432674408, 0.5, 0.5416666269302368, 0.5833333134651184, 0.625, 0.6666666269302368, 0.7083333134651184, 0.75, 0.7916666865348816, 0.8333333134651184, 0.875, 0.9166666865348816, 0.9583333134651184, 1.0]","[0.08839002139866352, 0.08749369315803052, 0.08695724472403527, 0.08673501268029213, 0.08677828989923, 0.08704164929687977, 0.08746985539793968, 0.08799248285591603, 0.08855049133300781, 0.0891048863530159, 0.08960682183504104, 0.09001990579068661, 0.09032143533229828, 0.09048182740807534, 0.09054309859871865, 0.09047514632344246, 0.09029902018606663, 0.09003090091049672, 0.08972797982394695, 0.08945470102131367, 0.08926867693662643, 0.08918134033679963, 0.0892434836179018, 0.08949739456176758, 0.089955181106925]","[0.9728125, 0.9731640625, 0.9735546875, 0.97365234375, 0.97373046875, 0.9739453125, 0.97384765625, 0.97373046875, 0.9733984375, 0.97365234375, 0.97326171875, 0.973359375, 0.97341796875, 0.973359375, 0.9735546875, 0.9733984375, 0.97353515625, 0.97353515625, 0.973515625, 0.97341796875, 0.97341796875, 0.97330078125, 0.9730859375, 0.97294921875, 0.97275390625]","[0.07661496671438217, 0.07585016758441925, 0.07541978559494018, 0.0752627521276474, 0.0753682053565979, 0.07569566538333893, 0.07618738869428635, 0.07676574004888534, 0.07735590720176697, 0.07794164375066757, 0.07844067769050599, 0.07888389202356338, 0.07924123455286027, 0.07950179725885391, 0.07968135664463043, 0.07974247018098832, 0.0796153767824173, 0.07939361259937286, 0.07908161835670471, 0.07876261439323426, 0.07851737471818925, 0.07833301948308945, 0.07827362368106842, 0.07838226798772811, 0.07866358824968338]","[0.9743, 0.9746, 0.9751, 0.9749, 0.9745, 0.9745, 0.9745, 0.9745, 0.9744, 0.9744, 0.9741, 0.9739, 0.9739, 0.9743, 0.9743, 0.9743, 0.9745, 0.9744, 0.9749, 0.975, 0.9751, 0.975, 0.9749, 0.9749, 0.9748]"
7,MNIST,0,8,4.41118860244751,"[0.0, 0.0416666679084301, 0.0833333358168602, 0.125, 0.1666666716337204, 0.2083333432674408, 0.25, 0.2916666865348816, 0.3333333432674408, 0.375, 0.4166666865348816, 0.4583333432674408, 0.5, 0.5416666269302368, 0.5833333134651184, 0.625, 0.6666666269302368, 0.7083333134651184, 0.75, 0.7916666865348816, 0.8333333134651184, 0.875, 0.9166666865348816, 0.9583333134651184, 1.0]","[0.07813302904367447, 0.0781647639721632, 0.0784500265866518, 0.07893780499696731, 0.07958942130208016, 0.08034925863146782, 0.08115442603826523, 0.08193383298814297, 0.08261232264339924, 0.08315653935074806, 0.08349463984370231, 0.08361668169498443, 0.08351470768451691, 0.08320254243910313, 0.08274477429687976, 0.08215764440596103, 0.08150604397058486, 0.080809171423316, 0.08013188444077969, 0.07956837445497512, 0.07918339431285858, 0.07902960240840912, 0.07911280922591686, 0.07946917749941348, 0.08012183874845505]","[0.97615234375, 0.97626953125, 0.976015625, 0.97599609375, 0.97572265625, 0.97556640625, 0.9754296875, 0.9753125, 0.97529296875, 0.975078125, 0.9748046875, 0.97484375, 0.97482421875, 0.9748828125, 0.97484375, 0.97490234375, 0.9749609375, 0.975390625, 0.97560546875, 0.9759765625, 0.9759375, 0.97607421875, 0.9759765625, 0.9756640625, 0.97541015625]","[0.07172541180849075, 0.07152704554796219, 0.07159346138238906, 0.07186808263063431, 0.07232033377885819, 0.07289306044578553, 0.07350429924726486, 0.07407901401519776, 0.07457955498695373, 0.07491913293600082, 0.07508087965250015, 0.07505317946672439, 0.07483759293556214, 0.0744533017039299, 0.07394260911941529, 0.07333031095266342, 0.07259193524122239, 0.07177166327238083, 0.07099325404167176, 0.07031512548923492, 0.06981618375778198, 0.0695599168419838, 0.06956380569934845, 0.06982776956558227, 0.07035751907229423]","[0.9763, 0.976, 0.9765, 0.9763, 0.9762, 0.9758, 0.9757, 0.9757, 0.9755, 0.9757, 0.9756, 0.9752, 0.9753, 0.9755, 0.9758, 0.9765, 0.9773, 0.9779, 0.9785, 0.9785, 0.9789, 0.9786, 0.979, 0.9791, 0.9793]"
8,MNIST,0,9,4.62296724319458,"[0.0, 0.0416666679084301, 0.0833333358168602, 0.125, 0.1666666716337204, 0.2083333432674408, 0.25, 0.2916666865348816, 0.3333333432674408, 0.375, 0.4166666865348816, 0.4583333432674408, 0.5, 0.5416666269302368, 0.5833333134651184, 0.625, 0.6666666269302368, 0.7083333134651184, 0.75, 0.7916666865348816, 0.8333333134651184, 0.875, 0.9166666865348816, 0.9583333134651184, 1.0]","[0.06496895208954812, 0.0653683315962553, 0.06599247895181179, 0.06679244630038739, 0.06773476235568524, 0.06876611702144146, 0.0698323991894722, 0.07084110409021377, 0.07171734139323234, 0.07241670228540897, 0.07291986458003522, 0.0732269737124443, 0.07332095421850682, 0.07321195922791958, 0.0728978618234396, 0.07245237216353416, 0.0719218173623085, 0.07133939452469348, 0.07073990672826767, 0.07022963955998421, 0.0698491645604372, 0.06963865526020527, 0.06959926895797253, 0.06976462721824646, 0.07016193822026252]","[0.98046875, 0.9803515625, 0.98046875, 0.9801171875, 0.98013671875, 0.97974609375, 0.97958984375, 0.979453125, 0.9789453125, 0.9787109375, 0.9783984375, 0.97822265625, 0.97828125, 0.9782421875, 0.97826171875, 0.9784375, 0.97849609375, 0.978671875, 0.978671875, 0.97873046875, 0.9788671875, 0.97912109375, 0.978984375, 0.978828125, 0.9785546875]","[0.05753815813064575, 0.05775109753012657, 0.0581819054543972, 0.05878657188415527, 0.059549865806102754, 0.060410776722431184, 0.06129426937699318, 0.062123030817508695, 0.06282868910431862, 0.06338609017729759, 0.06379596034288407, 0.06405889357328415, 0.06419201266765595, 0.06419149101376534, 0.06405545910000801, 0.06377467284202576, 0.06334247907996178, 0.06282135654687881, 0.06231068006157875, 0.06189044734835625, 0.061576356554031375, 0.061424541980028155, 0.0614371153652668, 0.06162090061306953, 0.061983923864364625]","[0.9808, 0.9805, 0.9804, 0.9802, 0.9802, 0.9799, 0.9795, 0.9791, 0.9791, 0.9793, 0.9789, 0.9789, 0.979, 0.9791, 0.9794, 0.98, 0.9798, 0.9797, 0.98, 0.9801, 0.9801, 0.9801, 0.9801, 0.9804, 0.9801]"
9,MNIST,0,10,4.820940017700195,"[0.0, 0.0416666679084301, 0.0833333358168602, 0.125, 0.1666666716337204, 0.2083333432674408, 0.25, 0.2916666865348816, 0.3333333432674408, 0.375, 0.4166666865348816, 0.4583333432674408, 0.5, 0.5416666269302368, 0.5833333134651184, 0.625, 0.6666666269302368, 0.7083333134651184, 0.75, 0.7916666865348816, 0.8333333134651184, 0.875, 0.9166666865348816, 0.9583333134651184, 1.0]","[0.05938624396920204, 0.05923658803105354, 0.059426896944642066, 0.05989421360194683, 0.060594840124249455, 0.06147818051278591, 0.06247284360229969, 0.06348714232444763, 0.06443237647414207, 0.06526248462498188, 0.06589973755180836, 0.06630099005997181, 0.06645187117159367, 0.06635953053832054, 0.0660840655118227, 0.06569516964256764, 0.06522444061934948, 0.06467050589621066, 0.06403334215283393, 0.06337260901927948, 0.06275061167776584, 0.062215176299214366, 0.061792325899004935, 0.06149210937321186, 0.06134567193686962]","[0.98138671875, 0.98154296875, 0.98150390625, 0.98146484375, 0.981171875, 0.98103515625, 0.98080078125, 0.980625, 0.98037109375, 0.9801171875, 0.97994140625, 0.97994140625, 0.979921875, 0.98, 0.98021484375, 0.98046875, 0.98056640625, 0.98072265625, 0.98091796875, 0.98107421875, 0.98125, 0.98134765625, 0.98140625, 0.98173828125, 0.98162109375]","[0.053534691208601, 0.05323081321120262, 0.053248340541124345, 0.05352312171459198, 0.05403110534548759, 0.05467964565753937, 0.05541925311088562, 0.056198768657445906, 0.056940549290180206, 0.05758511492609978, 0.058155225992202755, 0.05851802249550819, 0.058667118072509766, 0.058612077808380125, 0.05838478616476059, 0.0580490353167057, 0.05760648410916328, 0.05705724173784256, 0.05647287474870682, 0.05592131761312485, 0.055401437801122666, 0.05492821164131165, 0.05456559482812882, 0.05432163214683533, 0.05416846200227737]","[0.982, 0.982, 0.9821, 0.9823, 0.9821, 0.982, 0.9819, 0.9817, 0.9815, 0.981, 0.9812, 0.9814, 0.9809, 0.9805, 0.9804, 0.9809, 0.9807, 0.9814, 0.9811, 0.9811, 0.9812, 0.9813, 0.9815, 0.9816, 0.982]"
10,MNIST,1,2,0.33782172203063965,"[0.0, 0.0416666679084301, 0.0833333358168602, 0.125, 0.1666666716337204, 0.2083333432674408, 0.25, 0.2916666865348816, 0.3333333432674408, 0.375, 0.4166666865348816, 0.4583333432674408, 0.5, 0.5416666269302368, 0.5833333134651184, 0.625, 0.6666666269302368, 0.7083333134651184, 0.75, 0.7916666865348816, 0.8333333134651184, 0.875, 0.9166666865348816, 0.9583333134651184, 1.0]","[0.2872090083360672, 0.28552828341722486, 0.28397882550954817, 0.2825593113899231, 0.28126614183187487, 0.280095639526844, 0.27904383301734925, 0.27811117708683014, 0.27729654163122175, 0.27660028904676437, 0.2760252413153648, 0.27556965231895447, 0.2752337831258774, 0.2750191015005112, 0.2749283671379089, 0.2749603146314621, 0.2751159596443176, 0.2754015889763832, 0.27582052230834964, 0.2763765415549278, 0.2770695614814758, 0.27789986312389375, 0.27887143433094025, 0.2799868631362915, 0.28124794334173203]","[0.91447265625, 0.9151953125, 0.9153125, 0.91587890625, 0.9165234375, 0.9165625, 0.91697265625, 0.917734375, 0.918359375, 0.91861328125, 0.91892578125, 0.91892578125, 0.91908203125, 0.9191796875, 0.9190234375, 0.91919921875, 0.91916015625, 0.9191015625, 0.91884765625, 0.918671875, 0.91857421875, 0.91841796875, 0.91822265625, 0.917734375, 0.91759765625]","[0.26503318185806274, 0.2634072997570038, 0.2619133590698242, 0.2605388848304748, 0.2592924660205841, 0.2581643936634064, 0.25715634965896605, 0.25626395206451413, 0.2554835546016693, 0.25481283609867095, 0.25425216245651244, 0.25380233433246613, 0.25347338972091676, 0.2532633539199829, 0.25317273716926575, 0.2531996544122696, 0.2533491726160049, 0.25362335662841795, 0.25402418394088744, 0.25455413880348204, 0.25521260097026827, 0.25600272662639617, 0.25693050055503847, 0.2579942785024643, 0.2591950692653656]","[0.9208, 0.9214, 0.9221, 0.9228, 0.9239, 0.924, 0.9246, 0.9253, 0.9263, 0.9266, 0.9266, 0.9267, 0.9273, 0.9271, 0.9274, 0.9277, 0.9281, 0.9278, 0.9278, 0.9281, 0.9275, 0.9272, 0.9267, 0.9259, 0.9256]"
11,MNIST,1,3,0.9379158020019531,"[0.0, 0.0416666679084301, 0.0833333358168602, 0.125, 0.1666666716337204, 0.2083333432674408, 0.25, 0.2916666865348816, 0.3333333432674408, 0.375, 0.4166666865348816, 0.4583333432674408, 0.5, 0.5416666269302368, 0.5833333134651184, 0.625, 0.6666666269302368, 0.7083333134651184, 0.75, 0.7916666865348816, 0.8333333134651184, 0.875, 0.9166666865348816, 0.9583333134651184, 1.0]","[0.20134263455867768, 0.20099057912826537, 0.20069496482610702, 0.20045296251773834, 0.2002573275566101, 0.2001055335998535, 0.19999470233917235, 0.1999171844124794, 0.199868643283844, 0.19984280645847322, 0.19983132272958756, 0.19982732504606246, 0.19983388721942902, 0.19984468013048173, 0.19985312104225159, 0.19986526548862457, 0.19988283812999724, 0.19990642875432968, 0.19993796139955522, 0.1999781996011734, 0.20003376603126527, 0.20010753214359284, 0.20021024495363235, 0.20034568190574645, 0.2005145373940468]","[0.9392578125, 0.93939453125, 0.9394921875, 0.93966796875, 0.93986328125, 0.93982421875, 0.94001953125, 0.9400390625, 0.9400390625, 0.94015625, 0.94013671875, 0.940078125, 0.9401953125, 0.94033203125, 0.940390625, 0.94037109375, 0.94048828125, 0.94060546875, 0.940703125, 0.94072265625, 0.94076171875, 0.9408984375, 0.94080078125, 0.940859375, 0.94078125]","[0.18364797394275664, 0.1832693872690201, 0.18295024225711823, 0.1826888510942459, 0.1824728404045105, 0.18230864124298096, 0.18219760444164276, 0.1821233273744583, 0.18207936577796935, 0.18207584602832794, 0.182113338804245, 0.18216589226722718, 0.1822305141210556, 0.18230886316299438, 0.18238809990882873, 0.18247044727802278, 0.18255610120296478, 0.18264123663902282, 0.18272928154468537, 0.1828306278705597, 0.18294901852607728, 0.183083389544487, 0.18324279305934907, 0.1834331981420517, 0.18365342981815339]","[0.945, 0.9451, 0.9453, 0.9456, 0.9456, 0.946, 0.9458, 0.9456, 0.9454, 0.9452, 0.9452, 0.9454, 0.9457, 0.9458, 0.9459, 0.9459, 0.9458, 0.9459, 0.9456, 0.9459, 0.946, 0.9455, 0.9455, 0.9453, 0.9452]"
12,MNIST,1,4,1.3335644006729126,"[0.0, 0.0416666679084301, 0.0833333358168602, 0.125, 0.1666666716337204, 0.2083333432674408, 0.25, 0.2916666865348816, 0.3333333432674408, 0.375, 0.4166666865348816, 0.4583333432674408, 0.5, 0.5416666269302368, 0.5833333134651184, 0.625, 0.6666666269302368, 0.7083333134651184, 0.75, 0.7916666865348816, 0.8333333134651184, 0.875, 0.9166666865348816, 0.9583333134651184, 1.0]","[0.14863853439688682, 0.148577810972929, 0.1486208890378475, 0.148751021027565, 0.14896854907274246, 0.14925400361418725, 0.14959273979067803, 0.14996268704533577, 0.15035099759697915, 0.15074771776795387, 0.1511345300078392, 0.15149528086185454, 0.15182698994874955, 0.15210850700736045, 0.15233528167009353, 0.15250468179583548, 0.15261076718568803, 0.1526504522562027, 0.15264112561941146, 0.15260811462998392, 0.15255819112062455, 0.15251274958252906, 0.15249790072441102, 0.15253601089119911, 0.15263992190361023]","[0.95533203125, 0.95533203125, 0.9553125, 0.9552734375, 0.95513671875, 0.9551953125, 0.95498046875, 0.9547265625, 0.95447265625, 0.95439453125, 0.954296875, 0.95416015625, 0.95404296875, 0.95384765625, 0.953828125, 0.953828125, 0.95390625, 0.9540234375, 0.95423828125, 0.95416015625, 0.95421875, 0.95416015625, 0.9543359375, 0.95451171875, 0.954375]","[0.1306857630610466, 0.13060738376379014, 0.13062962621450425, 0.1307283454298973, 0.13089313062429428, 0.13112497586011887, 0.1314141138792038, 0.13175243632793426, 0.1321182586669922, 0.1324903675556183, 0.1328824947834015, 0.13328115293979645, 0.13366476104259492, 0.1340308036327362, 0.13435125677585602, 0.13463154201507568, 0.1348656224489212, 0.13504663910865783, 0.13518957450389862, 0.13529650337696075, 0.13538002572059632, 0.13547616629600526, 0.1355999979019165, 0.13577066237926483, 0.13599910287857056]","[0.9616, 0.9618, 0.9615, 0.9618, 0.9616, 0.9618, 0.9612, 0.9616, 0.9616, 0.9613, 0.9611, 0.9609, 0.9608, 0.9607, 0.9605, 0.9602, 0.9598, 0.9596, 0.96, 0.9599, 0.9599, 0.96, 0.9599, 0.9596, 0.9594]"
13,MNIST,1,6,1.7455536127090454,"[0.0, 0.0416666679084301, 0.0833333358168602, 0.125, 0.1666666716337204, 0.2083333432674408, 0.25, 0.2916666865348816, 0.3333333432674408, 0.375, 0.4166666865348816, 0.4583333432674408, 0.5, 0.5416666269302368, 0.5833333134651184, 0.625, 0.6666666269302368, 0.7083333134651184, 0.75, 0.7916666865348816, 0.8333333134651184, 0.875, 0.9166666865348816, 0.9583333134651184, 1.0]","[0.09724993541836739, 0.0972137302160263, 0.09725934967398643, 0.09737953782081604, 0.09756134271621704, 0.09779194369912148, 0.09805994734168053, 0.09835901156067849, 0.09866119146347047, 0.09895320594310761, 0.09922380909323693, 0.09945408806204796, 0.09964244738221169, 0.09978108003735542, 0.09986623793840409, 0.09988918900489807, 0.09986471980810166, 0.09980607271194458, 0.09971306920051574, 0.09963093727827071, 0.09959138020873069, 0.09961040452122688, 0.09970740079879761, 0.09988625481724739, 0.10014876291155815]","[0.97017578125, 0.9703515625, 0.97029296875, 0.97017578125, 0.97017578125, 0.9701953125, 0.97015625, 0.97001953125, 0.96984375, 0.9696875, 0.9694921875, 0.96935546875, 0.96927734375, 0.9691796875, 0.969140625, 0.96904296875, 0.96904296875, 0.96927734375, 0.96939453125, 0.9694921875, 0.96953125, 0.96953125, 0.9695703125, 0.9694921875, 0.9695703125]","[0.0851679907798767, 0.08497667722702026, 0.08486289027929306, 0.08481148816347123, 0.08480938136577607, 0.08485821424722671, 0.08493202087879181, 0.08503764133453369, 0.08516211344003677, 0.08530748987197875, 0.08545568443536758, 0.08558654682636262, 0.08568299320936203, 0.08575905114412308, 0.08582180590629578, 0.08584990154504776, 0.08584168466329574, 0.08580827838182449, 0.08577270684242248, 0.08575557899475098, 0.08576694600582123, 0.08582100434303283, 0.0859392341375351, 0.08612247445583343, 0.08637301514148713]","[0.9716, 0.9715, 0.9718, 0.9719, 0.9718, 0.9719, 0.9718, 0.9716, 0.9716, 0.9722, 0.972, 0.9723, 0.9726, 0.9729, 0.973, 0.9728, 0.9727, 0.9722, 0.9722, 0.9723, 0.9724, 0.9727, 0.9727, 0.9726, 0.9724]"
14,MNIST,1,8,1.9346219301223755,"[0.0, 0.0416666679084301, 0.0833333358168602, 0.125, 0.1666666716337204, 0.2083333432674408, 0.25, 0.2916666865348816, 0.3333333432674408, 0.375, 0.4166666865348816, 0.4583333432674408, 0.5, 0.5416666269302368, 0.5833333134651184, 0.625, 0.6666666269302368, 0.7083333134651184, 0.75, 0.7916666865348816, 0.8333333134651184, 0.875, 0.9166666865348816, 0.9583333134651184, 1.0]","[0.07646856218576431, 0.07642537124454975, 0.07652939915657044, 0.07676122710108757, 0.07709766395390033, 0.07752185486257077, 0.07800077013671398, 0.07852178610861302, 0.07905648864805698, 0.07958360940217972, 0.08007605403661727, 0.08051490180194378, 0.08088158190250397, 0.08115368016064167, 0.08131673067808151, 0.08137419618666172, 0.08130641408264637, 0.0811425369232893, 0.08091314002871514, 0.08063311576843261, 0.08036002524197101, 0.08014818392693997, 0.08002861835062504, 0.08001997359097004, 0.08012183874845505]","[0.9767578125, 0.976796875, 0.9765625, 0.97654296875, 0.97646484375, 0.97630859375, 0.97595703125, 0.975859375, 0.97564453125, 0.9754296875, 0.97513671875, 0.975, 0.97478515625, 0.97451171875, 0.974453125, 0.97439453125, 0.9744140625, 0.97447265625, 0.97455078125, 0.97455078125, 0.97466796875, 0.974921875, 0.975, 0.97515625, 0.97541015625]","[0.06888729425668716, 0.06856822491884232, 0.06838049703240394, 0.06831323399543762, 0.06835824323296547, 0.06848610312342644, 0.06868445932269096, 0.06895382407903672, 0.06925174705982208, 0.06954875724315643, 0.06986405273675919, 0.070150402033329, 0.07039056366682053, 0.07058924989700317, 0.07073205275535584, 0.07080519918203354, 0.07081422702074051, 0.07074536526203155, 0.07063053072690964, 0.07046488101482391, 0.0703138453722, 0.07019535101056099, 0.07015569234490394, 0.07021097913384437, 0.07035751907229423]","[0.9778, 0.9784, 0.9783, 0.9776, 0.9772, 0.9773, 0.9768, 0.9773, 0.9773, 0.9773, 0.9771, 0.9771, 0.9771, 0.9773, 0.9773, 0.9773, 0.9772, 0.9772, 0.9777, 0.9779, 0.9782, 0.9786, 0.9791, 0.9792, 0.9793]"
15,MNIST,1,10,2.075878858566284,"[0.0, 0.0416666679084301, 0.0833333358168602, 0.125, 0.1666666716337204, 0.2083333432674408, 0.25, 0.2916666865348816, 0.3333333432674408, 0.375, 0.4166666865348816, 0.4583333432674408, 0.5, 0.5416666269302368, 0.5833333134651184, 0.625, 0.6666666269302368, 0.7083333134651184, 0.75, 0.7916666865348816, 0.8333333134651184, 0.875, 0.9166666865348816, 0.9583333134651184, 1.0]","[0.06572292849421502, 0.06475891552865505, 0.06396147936582565, 0.06331126786768436, 0.06278380922973156, 0.062362423613667485, 0.062031805887818335, 0.061771549358963965, 0.061571063473820686, 0.06141105145215988, 0.06127720333635807, 0.06116198800504208, 0.061053389087319374, 0.060945464745163914, 0.060831712931394576, 0.06071282207965851, 0.06058561347424984, 0.06046837069094181, 0.060381580516695975, 0.06034380897879601, 0.06037222005426884, 0.060483186393976214, 0.06068114571273327, 0.06096901789307594, 0.06134567193686962]","[0.97978515625, 0.98013671875, 0.98013671875, 0.98041015625, 0.9805859375, 0.98078125, 0.98087890625, 0.98103515625, 0.9812109375, 0.98125, 0.9812890625, 0.98125, 0.98115234375, 0.98111328125, 0.98140625, 0.98134765625, 0.9814453125, 0.98150390625, 0.981640625, 0.98177734375, 0.98181640625, 0.9817578125, 0.9816796875, 0.98169921875, 0.98162109375]","[0.056649559593200685, 0.05574849632382393, 0.055005005127191545, 0.054382009905576706, 0.05386821275949478, 0.053448043006658556, 0.053120022904872895, 0.05286542488932609, 0.05266287396550179, 0.05251090378761292, 0.05240118753314018, 0.05231592360138893, 0.052247664999961856, 0.052219881916046144, 0.05220410780310631, 0.05221019948124886, 0.05223136440515518, 0.052272291070222854, 0.05234979525208473, 0.05247513437867165, 0.05266805729866028, 0.0529234898686409, 0.053256805312633514, 0.05366996387243271, 0.05416846200227737]","[0.9813, 0.9819, 0.9817, 0.9819, 0.9821, 0.9821, 0.9821, 0.9821, 0.9822, 0.982, 0.9822, 0.9823, 0.9822, 0.9823, 0.9825, 0.9827, 0.9829, 0.983, 0.983, 0.9826, 0.9825, 0.9825, 0.9825, 0.9821, 0.982]"
16,MNIST,2,3,0.2406897246837616,"[0.0, 0.0416666679084301, 0.0833333358168602, 0.125, 0.1666666716337204, 0.2083333432674408, 0.25, 0.2916666865348816, 0.3333333432674408, 0.375, 0.4166666865348816, 0.4583333432674408, 0.5, 0.5416666269302368, 0.5833333134651184, 0.625, 0.6666666269302368, 0.7083333134651184, 0.75, 0.7916666865348816, 0.8333333134651184, 0.875, 0.9166666865348816, 0.9583333134651184, 1.0]","[0.20724198520183562, 0.20644488215446472, 0.2056945100426674, 0.20499068528413772, 0.20433297127485275, 0.20372045546770096, 0.2031531211733818, 0.20263166815042497, 0.20215462476015092, 0.20172258704900742, 0.20133505135774613, 0.2009913769364357, 0.20069164991378785, 0.20043669193983077, 0.2002253270149231, 0.20005790114402772, 0.19993474811315537, 0.19985561311244965, 0.19982015669345857, 0.19982859194278718, 0.19988080263137817, 0.19997576177120208, 0.20011213093996047, 0.20029183983802795, 0.2005145373940468]","[0.9371484375, 0.9375390625, 0.93783203125, 0.93818359375, 0.938671875, 0.9387890625, 0.93908203125, 0.9394921875, 0.93955078125, 0.939765625, 0.93998046875, 0.94015625, 0.94025390625, 0.94046875, 0.9403125, 0.94048828125, 0.94072265625, 0.94064453125, 0.9406640625, 0.9408203125, 0.9409375, 0.94087890625, 0.94103515625, 0.9409765625, 0.94078125]","[0.18862877027988434, 0.18793503444194792, 0.18728358132839204, 0.18667572145462036, 0.18611212587356568, 0.1855916058063507, 0.18511445696353912, 0.18467818019390106, 0.18428479375839232, 0.18393433010578156, 0.1836243709564209, 0.18335814142227172, 0.18313426184654236, 0.18295092005729674, 0.18280759868621826, 0.18270661489963533, 0.1826475281238556, 0.18262940406799316, 0.182651637840271, 0.18271384007930755, 0.18281836547851563, 0.18296630561351776, 0.18315518231391906, 0.18338449683189392, 0.18365342981815339]","[0.9442, 0.9441, 0.9441, 0.9446, 0.9453, 0.9452, 0.9453, 0.9455, 0.9456, 0.9457, 0.9458, 0.9458, 0.9455, 0.9457, 0.9456, 0.9461, 0.946, 0.9461, 0.946, 0.9456, 0.9453, 0.9452, 0.9448, 0.9451, 0.9452]"
17,MNIST,2,5,0.2962109446525574,"[0.0, 0.0416666679084301, 0.0833333358168602, 0.125, 0.1666666716337204, 0.2083333432674408, 0.25, 0.2916666865348816, 0.3333333432674408, 0.375, 0.4166666865348816, 0.4583333432674408, 0.5, 0.5416666269302368, 0.5833333134651184, 0.625, 0.6666666269302368, 0.7083333134651184, 0.75, 0.7916666865348816, 0.8333333134651184, 0.875, 0.9166666865348816, 0.9583333134651184, 1.0]","[0.12249869167804718, 0.12208138927817344, 0.12170055717229843, 0.12135645031929015, 0.12104871243238449, 0.12077666386961937, 0.12054065465927125, 0.12033960625529289, 0.12017362892627716, 0.1200440388917923, 0.11995019137859345, 0.11989200338721276, 0.11986943244934083, 0.11988226994872093, 0.11993077248334885, 0.12001595064997674, 0.12013768956065178, 0.12029604434967041, 0.12049074128270149, 0.12072234705090523, 0.1209902074933052, 0.1212944321334362, 0.1216352728009224, 0.12201317355036735, 0.12242789715528488]","[0.96279296875, 0.96294921875, 0.96322265625, 0.96345703125, 0.9636328125, 0.963828125, 0.9641015625, 0.964453125, 0.96431640625, 0.9644140625, 0.9645703125, 0.96466796875, 0.9645703125, 0.9645703125, 0.96455078125, 0.96451171875, 0.96451171875, 0.964296875, 0.9641015625, 0.9641015625, 0.96396484375, 0.96392578125, 0.96404296875, 0.96400390625, 0.9637890625]","[0.1119925443649292, 0.11155037971735, 0.11114121054410935, 0.11076346918344497, 0.11041832566261292, 0.11010476862192153, 0.10982216057777405, 0.10957231872081756, 0.10935541591644288, 0.10917091014385223, 0.10901896945238114, 0.10890073201656342, 0.1088159356713295, 0.108764717400074, 0.10874779070615768, 0.10876564692258835, 0.10881663703918457, 0.10890069401264191, 0.10901857169866562, 0.10916918468475342, 0.10935319876670838, 0.10957336119413376, 0.1098277334690094, 0.11011586867570877, 0.11043822224140168]","[0.9654, 0.9655, 0.9655, 0.9657, 0.9658, 0.9662, 0.9662, 0.9664, 0.9665, 0.9666, 0.9666, 0.9665, 0.9662, 0.9664, 0.9663, 0.9663, 0.966, 0.9659, 0.9657, 0.9654, 0.9657, 0.9652, 0.9654, 0.9652, 0.9652]"
18,MNIST,2,7,0.4087028205394745,"[0.0, 0.0416666679084301, 0.0833333358168602, 0.125, 0.1666666716337204, 0.2083333432674408, 0.25, 0.2916666865348816, 0.3333333432674408, 0.375, 0.4166666865348816, 0.4583333432674408, 0.5, 0.5416666269302368, 0.5833333134651184, 0.625, 0.6666666269302368, 0.7083333134651184, 0.75, 0.7916666865348816, 0.8333333134651184, 0.875, 0.9166666865348816, 0.9583333134651184, 1.0]","[0.08318553216755391, 0.08298817344009876, 0.08283374041318893, 0.08272103376686574, 0.08265024587512017, 0.08262193679809571, 0.08263441681861877, 0.08268793106079102, 0.08278280951082706, 0.08291888117790222, 0.08309638880193233, 0.08331493392586709, 0.08357492983341216, 0.08387627094984054, 0.08421934336423874, 0.08460306361317635, 0.08502786472439766, 0.08549536801874638, 0.08600515887141227, 0.08655759900808334, 0.08715174958109856, 0.08778729796409607, 0.0884660542011261, 0.08918860986828804, 0.089955181106925]","[0.9748828125, 0.97494140625, 0.9748046875, 0.9748046875, 0.97482421875, 0.974921875, 0.97494140625, 0.9748828125, 0.97486328125, 0.97484375, 0.97486328125, 0.97474609375, 0.9745703125, 0.97451171875, 0.9744140625, 0.97431640625, 0.97412109375, 0.9740625, 0.97400390625, 0.97380859375, 0.9736328125, 0.97330078125, 0.97318359375, 0.97279296875, 0.97275390625]","[0.07294202610254288, 0.07272246199846268, 0.07253998746871948, 0.07239832726716995, 0.07229701163768769, 0.07223640064001083, 0.07221744616031647, 0.07223703413009644, 0.07229282993078232, 0.07238833246231079, 0.07252316440343856, 0.07269885987043381, 0.07291254202127456, 0.07316098475456238, 0.07344862314462662, 0.0737812560081482, 0.07415672961473464, 0.07457251667976379, 0.07502894551753998, 0.07552870373725891, 0.07607053401470185, 0.07665452358722687, 0.07728042793273926, 0.07795056661367417, 0.07866358824968338]","[0.9765, 0.9767, 0.9769, 0.9769, 0.977, 0.977, 0.9769, 0.9769, 0.9766, 0.9765, 0.9763, 0.9762, 0.9764, 0.9765, 0.9765, 0.976, 0.9759, 0.976, 0.9756, 0.9753, 0.9749, 0.9747, 0.9748, 0.9751, 0.9748]"
19,MNIST,2,9,0.5474509596824646,"[0.0, 0.0416666679084301, 0.0833333358168602, 0.125, 0.1666666716337204, 0.2083333432674408, 0.25, 0.2916666865348816, 0.3333333432674408, 0.375, 0.4166666865348816, 0.4583333432674408, 0.5, 0.5416666269302368, 0.5833333134651184, 0.625, 0.6666666269302368, 0.7083333134651184, 0.75, 0.7916666865348816, 0.8333333134651184, 0.875, 0.9166666865348816, 0.9583333134651184, 1.0]","[0.06944391898810863, 0.06920310370624065, 0.0689860986918211, 0.0687939278781414, 0.06862584918737412, 0.06848130144178867, 0.06835951909422874, 0.06826069615781308, 0.06818469747900963, 0.06813278883695602, 0.06810454569756985, 0.06810017533600331, 0.06811895050108432, 0.06816071204841137, 0.06822536662220954, 0.06831364117562772, 0.06842534624040127, 0.06856070667505264, 0.06871905915439129, 0.06890012383460999, 0.06910516820847988, 0.06933371365070343, 0.06958650350570679, 0.06986251294612884, 0.07016193822026252]","[0.97876953125, 0.97892578125, 0.9789453125, 0.97892578125, 0.97900390625, 0.97908203125, 0.97921875, 0.9792578125, 0.9793359375, 0.97939453125, 0.97951171875, 0.97939453125, 0.979453125, 0.97935546875, 0.97947265625, 0.97951171875, 0.979375, 0.9794921875, 0.97935546875, 0.9791796875, 0.97900390625, 0.97900390625, 0.97888671875, 0.97880859375, 0.9785546875]","[0.06055059278011322, 0.060349428582191465, 0.060173830610513686, 0.0600197408080101, 0.05989006651043892, 0.0597851708650589, 0.05970278952717781, 0.059642866230010985, 0.05960524483323097, 0.05958868793845177, 0.059593961209058764, 0.05962252426743508, 0.05967283221483231, 0.059744202011823656, 0.05983706716299057, 0.059951628786325456, 0.06008694568872452, 0.060244349962472916, 0.06042620824575424, 0.06063051509261131, 0.06085643708705902, 0.061104882788658145, 0.061375217294692995, 0.06166848568916321, 0.061983923864364625]","[0.9821, 0.9821, 0.982, 0.9821, 0.9819, 0.9817, 0.9817, 0.9816, 0.9816, 0.9816, 0.9815, 0.9813, 0.9811, 0.9811, 0.9812, 0.9812, 0.9812, 0.981, 0.9809, 0.9807, 0.9807, 0.9804, 0.9802, 0.9802, 0.9801]"
20,MNIST,5,6,0.2441546618938446,"[0.0, 0.0416666679084301, 0.0833333358168602, 0.125, 0.1666666716337204, 0.2083333432674408, 0.25, 0.2916666865348816, 0.3333333432674408, 0.375, 0.4166666865348816, 0.4583333432674408, 0.5, 0.5416666269302368, 0.5833333134651184, 0.625, 0.6666666269302368, 0.7083333134651184, 0.75, 0.7916666865348816, 0.8333333134651184, 0.875, 0.9166666865348816, 0.9583333134651184, 1.0]","[0.1021267069876194, 0.10137011244893074, 0.10067535415291787, 0.10003991693258285, 0.09946335554122925, 0.09894636169075965, 0.0984880781173706, 0.09808805346488952, 0.0977453875541687, 0.09746018782258034, 0.0972316312789917, 0.0970614443719387, 0.09694952502846718, 0.09689564675092698, 0.09690021678805351, 0.09696213081479073, 0.09708120495080948, 0.0972587177157402, 0.09749416202306747, 0.09778782457113266, 0.09813993766903878, 0.0985515071451664, 0.09902306109666824, 0.099555694013834, 0.10014876291155815]","[0.969140625, 0.9694921875, 0.96966796875, 0.9700390625, 0.97021484375, 0.97037109375, 0.9705078125, 0.9707421875, 0.97076171875, 0.97083984375, 0.970859375, 0.97083984375, 0.970859375, 0.97076171875, 0.9707421875, 0.9706640625, 0.970546875, 0.97033203125, 0.9705078125, 0.97021484375, 0.97017578125, 0.97013671875, 0.96982421875, 0.96958984375, 0.9695703125]","[0.0896341657280922, 0.0888937482714653, 0.08820782903432846, 0.08757533416748046, 0.08699601202011109, 0.08646841560602188, 0.08599296123981476, 0.08556962385177612, 0.08519849623441696, 0.08488032017946243, 0.08461447738409042, 0.08440225412845612, 0.08424023067951203, 0.08412888016700745, 0.08406983361244201, 0.08406339254379272, 0.08410812118053436, 0.08420597521066665, 0.08435840276479721, 0.08456169637441635, 0.08481740839481354, 0.08512520062923432, 0.08548661803007127, 0.0859016304731369, 0.08637301514148713]","[0.9712, 0.9712, 0.9712, 0.9714, 0.9715, 0.9718, 0.9718, 0.9723, 0.9723, 0.9726, 0.9726, 0.9724, 0.9724, 0.9726, 0.9728, 0.973, 0.9731, 0.9733, 0.9731, 0.9728, 0.9731, 0.9729, 0.973, 0.9727, 0.9724]"
21,MNIST,5,8,0.40677738189697266,"[0.0, 0.0416666679084301, 0.0833333358168602, 0.125, 0.1666666716337204, 0.2083333432674408, 0.25, 0.2916666865348816, 0.3333333432674408, 0.375, 0.4166666865348816, 0.4583333432674408, 0.5, 0.5416666269302368, 0.5833333134651184, 0.625, 0.6666666269302368, 0.7083333134651184, 0.75, 0.7916666865348816, 0.8333333134651184, 0.875, 0.9166666865348816, 0.9583333134651184, 1.0]","[0.07560799792408943, 0.07500479251146316, 0.07447944886982441, 0.07403002895414829, 0.07365480408072472, 0.07335251666605473, 0.07312113530933857, 0.07295801959931851, 0.07286281310021878, 0.07283472508192063, 0.07287175565958023, 0.0729723507910967, 0.07313716880977154, 0.07336673721671104, 0.07366005659103393, 0.07401689924299718, 0.07443753086030483, 0.07492151625454425, 0.07546937629580498, 0.07608224265277386, 0.0767591805011034, 0.07750060498714446, 0.07830828301608563, 0.07918178446590901, 0.08012183874845505]","[0.9764453125, 0.97673828125, 0.97705078125, 0.97736328125, 0.9773828125, 0.97748046875, 0.977421875, 0.9773828125, 0.977421875, 0.9775, 0.97755859375, 0.9774609375, 0.97740234375, 0.97724609375, 0.97732421875, 0.97736328125, 0.97720703125, 0.9769921875, 0.97677734375, 0.97666015625, 0.9764453125, 0.9762109375, 0.9758984375, 0.9756640625, 0.97541015625]","[0.06473110567331314, 0.06424106265306473, 0.0638209040760994, 0.06346927835941314, 0.06318370403051377, 0.06296529961824417, 0.06281060213446617, 0.06272123250961303, 0.06269422162175178, 0.06272838001847267, 0.06282391603589058, 0.06297832560539246, 0.06319318994879723, 0.06346570105552674, 0.06379644317030907, 0.06418508750200272, 0.06463121647238732, 0.0651356550514698, 0.06569737820625306, 0.06631941408514977, 0.06700133841633797, 0.06774528096318246, 0.06855199115872383, 0.0694222313463688, 0.07035751907229423]","[0.979, 0.9792, 0.9793, 0.9793, 0.9792, 0.9796, 0.9798, 0.9794, 0.9796, 0.9799, 0.98, 0.9798, 0.9795, 0.9798, 0.9798, 0.9797, 0.9796, 0.9794, 0.9794, 0.9797, 0.9796, 0.9796, 0.9793, 0.9792, 0.9793]"
22,MNIST,5,10,0.555061936378479,"[0.0, 0.0416666679084301, 0.0833333358168602, 0.125, 0.1666666716337204, 0.2083333432674408, 0.25, 0.2916666865348816, 0.3333333432674408, 0.375, 0.4166666865348816, 0.4583333432674408, 0.5, 0.5416666269302368, 0.5833333134651184, 0.625, 0.6666666269302368, 0.7083333134651184, 0.75, 0.7916666865348816, 0.8333333134651184, 0.875, 0.9166666865348816, 0.9583333134651184, 1.0]","[0.06602988325059414, 0.0655275035649538, 0.0650457090139389, 0.06458914496004581, 0.06416439287364482, 0.06377315416932106, 0.06341578789055348, 0.06308904811739921, 0.06279089376330375, 0.06251878403127194, 0.062270753160119055, 0.062047097459435464, 0.06184841826558113, 0.06167504496872425, 0.06152653492987156, 0.0614012485742569, 0.061300165802240375, 0.06122296012938023, 0.061169552132487294, 0.06113957852125168, 0.06113240137696266, 0.06114956818521023, 0.06119102001190185, 0.061255931183695794, 0.06134567193686962]","[0.97962890625, 0.97970703125, 0.97986328125, 0.9800390625, 0.98033203125, 0.980625, 0.98078125, 0.98087890625, 0.9809765625, 0.9810546875, 0.98119140625, 0.98125, 0.98130859375, 0.9812890625, 0.98146484375, 0.98154296875, 0.98142578125, 0.98150390625, 0.9815625, 0.98162109375, 0.98169921875, 0.98177734375, 0.9817578125, 0.98169921875, 0.98162109375]","[0.059953527396917346, 0.059451612800359724, 0.05895962930321694, 0.058483910524845126, 0.058021971035003665, 0.057591654688119887, 0.05719108748435974, 0.056819340389966964, 0.05647230491042137, 0.05614882614612579, 0.05585005692243576, 0.05557558282017708, 0.05532652348875999, 0.05510339704155922, 0.0549045615375042, 0.05473117088079452, 0.054579590475559235, 0.054450234401226046, 0.05434336171746254, 0.054258865225315096, 0.05419703226685524, 0.054156755703687665, 0.054137278872728345, 0.05414039321541786, 0.05416846200227737]","[0.9813, 0.9813, 0.9814, 0.9813, 0.9814, 0.9815, 0.9817, 0.9819, 0.9819, 0.9819, 0.9821, 0.9824, 0.9824, 0.9825, 0.9825, 0.9826, 0.9826, 0.9827, 0.9825, 0.9826, 0.9826, 0.9824, 0.9824, 0.9822, 0.982]"
23,MNIST,7,8,0.2238444983959198,"[0.0, 0.0416666679084301, 0.0833333358168602, 0.125, 0.1666666716337204, 0.2083333432674408, 0.25, 0.2916666865348816, 0.3333333432674408, 0.375, 0.4166666865348816, 0.4583333432674408, 0.5, 0.5416666269302368, 0.5833333134651184, 0.625, 0.6666666269302368, 0.7083333134651184, 0.75, 0.7916666865348816, 0.8333333134651184, 0.875, 0.9166666865348816, 0.9583333134651184, 1.0]","[0.08327905870974064, 0.0821415639668703, 0.08109669394791126, 0.08014448255300521, 0.07928324572741985, 0.07851103112101555, 0.07782630890607833, 0.07722957849502564, 0.07671947836875916, 0.0762950124591589, 0.07595468610525132, 0.07569841690361499, 0.07552588626742363, 0.0754366710782051, 0.075430993065238, 0.0755092976987362, 0.07567333616316319, 0.0759237314015627, 0.07625977240502835, 0.0766825257241726, 0.07719253353774548, 0.07779025830328465, 0.07847628436982632, 0.07925304770469666, 0.08012183874845505]","[0.9743359375, 0.97482421875, 0.97505859375, 0.97560546875, 0.97568359375, 0.97580078125, 0.976015625, 0.97611328125, 0.97615234375, 0.97650390625, 0.9767578125, 0.97681640625, 0.9769140625, 0.97677734375, 0.977109375, 0.97712890625, 0.97716796875, 0.977109375, 0.97681640625, 0.97654296875, 0.97619140625, 0.97615234375, 0.9759375, 0.9755078125, 0.97541015625]","[0.07106933834552764, 0.0701259671330452, 0.06926416006088257, 0.06848480166196823, 0.06778706631660461, 0.06717252025604248, 0.06664082717895507, 0.06618779398202897, 0.06581202093362808, 0.06551413006782532, 0.06529477667808532, 0.06515307437181472, 0.0650893130838871, 0.06510324034690856, 0.06519168847203255, 0.06535630791783333, 0.06559799748659134, 0.06591604111790657, 0.06631167324781417, 0.0667845261156559, 0.06733540514707566, 0.06796607335805893, 0.06867992452979088, 0.0694773979306221, 0.07035751907229423]","[0.9778, 0.9779, 0.9779, 0.9781, 0.9781, 0.9781, 0.9782, 0.9784, 0.9789, 0.9787, 0.9796, 0.9793, 0.9794, 0.9797, 0.9791, 0.9794, 0.9796, 0.9795, 0.9796, 0.9795, 0.9793, 0.9793, 0.9792, 0.9793, 0.9793]"
24,MNIST,7,10,0.4113551080226898,"[0.0, 0.0416666679084301, 0.0833333358168602, 0.125, 0.1666666716337204, 0.2083333432674408, 0.25, 0.2916666865348816, 0.3333333432674408, 0.375, 0.4166666865348816, 0.4583333432674408, 0.5, 0.5416666269302368, 0.5833333134651184, 0.625, 0.6666666269302368, 0.7083333134651184, 0.75, 0.7916666865348816, 0.8333333134651184, 0.875, 0.9166666865348816, 0.9583333134651184, 1.0]","[0.06536474712193012, 0.06463674411177635, 0.06396237567067146, 0.06334000378847122, 0.0627686296403408, 0.06224692441523075, 0.06177360787987709, 0.06134838998317718, 0.06097051538527012, 0.06063991233706474, 0.06035577081143856, 0.06011864006519318, 0.059928403347730634, 0.05978509053587913, 0.059687977358698845, 0.0596364364027977, 0.05963100969791412, 0.05967279575765133, 0.05976281642913819, 0.05990116946399212, 0.06008848562836647, 0.060324873477220535, 0.06061180390417576, 0.06095134921371937, 0.06134567193686962]","[0.98, 0.980234375, 0.98037109375, 0.9806640625, 0.9808203125, 0.9812109375, 0.98150390625, 0.9816796875, 0.981796875, 0.9818359375, 0.981875, 0.9819921875, 0.98216796875, 0.9823046875, 0.98234375, 0.98232421875, 0.98212890625, 0.98193359375, 0.98189453125, 0.981875, 0.981796875, 0.98181640625, 0.98162109375, 0.981640625, 0.98162109375]","[0.05745629367828369, 0.05687615338563919, 0.056336127561330794, 0.055836854869127275, 0.05537683039903641, 0.05495430895686149, 0.05456776481866837, 0.054219696182012556, 0.05390800030827522, 0.0536342739880085, 0.05339785522818565, 0.053198879981040954, 0.05303812071681022, 0.05291531472802162, 0.05282945181131363, 0.05278201094865799, 0.052770922517776486, 0.052795561170578, 0.05285921733379364, 0.0529654600918293, 0.053116183418035506, 0.05331148017048836, 0.053551331269741057, 0.053835424387454985, 0.05416846200227737]","[0.9818, 0.982, 0.9821, 0.9823, 0.9825, 0.9825, 0.9825, 0.9825, 0.9823, 0.9825, 0.9825, 0.9828, 0.9829, 0.9831, 0.9832, 0.9832, 0.983, 0.9832, 0.9833, 0.9832, 0.983, 0.9827, 0.9825, 0.9819, 0.982]"
